{
    "name": "root",
    "gauges": {
        "RollerAgent.Policy.Entropy.mean": {
            "value": 1.346727728843689,
            "min": 1.346727728843689,
            "max": 1.4189382791519165,
            "count": 50
        },
        "RollerAgent.Policy.Entropy.sum": {
            "value": 13467.27734375,
            "min": 13116.3037109375,
            "max": 18162.41015625,
            "count": 50
        },
        "RollerAgent.Step.mean": {
            "value": 499998.0,
            "min": 9984.0,
            "max": 499998.0,
            "count": 50
        },
        "RollerAgent.Step.sum": {
            "value": 499998.0,
            "min": 9984.0,
            "max": 499998.0,
            "count": 50
        },
        "RollerAgent.Policy.ExtrinsicValueEstimate.mean": {
            "value": -20.720325469970703,
            "min": -20.758045196533203,
            "max": -0.7336282730102539,
            "count": 50
        },
        "RollerAgent.Policy.ExtrinsicValueEstimate.sum": {
            "value": -3273.8115234375,
            "min": -3339.107177734375,
            "max": -114.44600677490234,
            "count": 50
        },
        "RollerAgent.IsTraining.mean": {
            "value": 1.0,
            "min": 1.0,
            "max": 1.0,
            "count": 50
        },
        "RollerAgent.IsTraining.sum": {
            "value": 1.0,
            "min": 1.0,
            "max": 1.0,
            "count": 50
        },
        "RollerAgent.Losses.PolicyLoss.mean": {
            "value": 0.025933924169900518,
            "min": 0.01700913378590485,
            "max": 0.03135095889835308,
            "count": 46
        },
        "RollerAgent.Losses.PolicyLoss.sum": {
            "value": 0.025933924169900518,
            "min": 0.01700913378590485,
            "max": 0.03135095889835308,
            "count": 46
        },
        "RollerAgent.Losses.ValueLoss.mean": {
            "value": 9.487362225850424,
            "min": 7.17985733350118,
            "max": 17.422729121314156,
            "count": 46
        },
        "RollerAgent.Losses.ValueLoss.sum": {
            "value": 9.487362225850424,
            "min": 7.17985733350118,
            "max": 17.422729121314156,
            "count": 46
        },
        "RollerAgent.Policy.LearningRate.mean": {
            "value": 1.185099605000003e-06,
            "min": 1.185099605000003e-06,
            "max": 0.00029232000255999995,
            "count": 46
        },
        "RollerAgent.Policy.LearningRate.sum": {
            "value": 1.185099605000003e-06,
            "min": 1.185099605000003e-06,
            "max": 0.00029232000255999995,
            "count": 46
        },
        "RollerAgent.Policy.Epsilon.mean": {
            "value": 0.10039499999999997,
            "min": 0.10039499999999997,
            "max": 0.19744000000000003,
            "count": 46
        },
        "RollerAgent.Policy.Epsilon.sum": {
            "value": 0.10039499999999997,
            "min": 0.10039499999999997,
            "max": 0.19744000000000003,
            "count": 46
        },
        "RollerAgent.Policy.Beta.mean": {
            "value": 1.19355e-05,
            "min": 1.19355e-05,
            "max": 0.0004874560000000001,
            "count": 46
        },
        "RollerAgent.Policy.Beta.sum": {
            "value": 1.19355e-05,
            "min": 1.19355e-05,
            "max": 0.0004874560000000001,
            "count": 46
        },
        "RollerAgent.Environment.EpisodeLength.mean": {
            "value": 3867.0,
            "min": 132.0,
            "max": 3999.0,
            "count": 42
        },
        "RollerAgent.Environment.EpisodeLength.sum": {
            "value": 15468.0,
            "min": 132.0,
            "max": 88884.0,
            "count": 42
        },
        "RollerAgent.Environment.CumulativeReward.mean": {
            "value": -844.488028049469,
            "min": -941.0072431564331,
            "max": -12.873369216918945,
            "count": 42
        },
        "RollerAgent.Environment.CumulativeReward.sum": {
            "value": -3377.952112197876,
            "min": -21065.1886652112,
            "max": -12.873369216918945,
            "count": 42
        },
        "RollerAgent.Policy.ExtrinsicReward.mean": {
            "value": -844.488028049469,
            "min": -941.0072431564331,
            "max": -12.873369216918945,
            "count": 42
        },
        "RollerAgent.Policy.ExtrinsicReward.sum": {
            "value": -3377.952112197876,
            "min": -21065.1886652112,
            "max": -12.873369216918945,
            "count": 42
        }
    },
    "metadata": {
        "timer_format_version": "0.1.0",
        "start_time_seconds": "1710465301",
        "python_version": "3.10.12 | packaged by Anaconda, Inc. | (main, Jul  5 2023, 19:01:18) [MSC v.1916 64 bit (AMD64)]",
        "command_line_arguments": "C:\\Users\\lyt4\\.conda\\envs\\mlagents\\Scripts\\mlagents-learn RollerballConfig.yaml --run-id=RollerAgents --force --torch-device cuda",
        "mlagents_version": "1.1.0.dev0",
        "mlagents_envs_version": "1.1.0.dev0",
        "communication_protocol_version": "1.5.0",
        "pytorch_version": "2.2.1+cu121",
        "numpy_version": "1.23.5",
        "end_time_seconds": "1710465694"
    },
    "total": 392.64695440000105,
    "count": 1,
    "self": 0.011022500002582092,
    "children": {
        "run_training.setup": {
            "total": 0.1042710999990959,
            "count": 1,
            "self": 0.1042710999990959
        },
        "TrainerController.start_learning": {
            "total": 392.5316607999994,
            "count": 1,
            "self": 0.21517060007499822,
            "children": {
                "TrainerController._reset_env": {
                    "total": 9.658457199999248,
                    "count": 1,
                    "self": 9.658457199999248
                },
                "TrainerController.advance": {
                    "total": 382.5817783999246,
                    "count": 10145,
                    "self": 0.20664310002030106,
                    "children": {
                        "env_step": {
                            "total": 251.78752709992295,
                            "count": 10145,
                            "self": 208.5049927000291,
                            "children": {
                                "SubprocessEnvManager._take_step": {
                                    "total": 43.148846299907746,
                                    "count": 10145,
                                    "self": 0.7736503998239641,
                                    "children": {
                                        "TorchPolicy.evaluate": {
                                            "total": 42.37519590008378,
                                            "count": 10030,
                                            "self": 42.37519590008378
                                        }
                                    }
                                },
                                "workers": {
                                    "total": 0.13368809998610232,
                                    "count": 10145,
                                    "self": 0.0,
                                    "children": {
                                        "worker_root": {
                                            "total": 383.55038809990947,
                                            "count": 10145,
                                            "is_parallel": true,
                                            "self": 199.1646668999074,